{
  "version": 1,
  "width": 174,
  "height": 11,
  "duration": 6.468015,
  "command": null,
  "title": null,
  "env": {
    "TERM": "screen-256color",
    "SHELL": "/bin/zsh"
  },
  "stdout": [
    [
      1.737975,
      "\u001b[1m\u001b[3m%\u001b[23m\u001b[1m\u001b[0m                                                                                                                                                                             \r \r\u001bk~\u001b\\"
    ],
    [
      0.094706,
      "\r\u001b[0m\u001b[23m\u001b[24m\u001b[J\u001b[01;32m➜  \u001b[36m~\u001b[00m \u001b[K"
    ],
    [
      0.000135,
      "\u001b[?1h\u001b="
    ],
    [
      6e-05,
      "\u001b[?2004h"
    ],
    [
      0.601836,
      "d"
    ],
    [
      0.115212,
      "\bdo"
    ],
    [
      0.142238,
      "c"
    ],
    [
      0.121313,
      "k"
    ],
    [
      0.164899,
      "e"
    ],
    [
      0.126304,
      "r"
    ],
    [
      0.123677,
      " "
    ],
    [
      0.143959,
      "i"
    ],
    [
      0.144874,
      "m"
    ],
    [
      0.119476,
      "a"
    ],
    [
      0.103845,
      "g"
    ],
    [
      0.106749,
      "e"
    ],
    [
      0.126673,
      " "
    ],
    [
      0.14161,
      "l"
    ],
    [
      0.111345,
      "s"
    ],
    [
      0.290351,
      "\u001b[?1l\u001b>"
    ],
    [
      8.4e-05,
      "\u001b[?2004l\r\r\n"
    ],
    [
      0.063285,
      "REPOSITORY                           TAG                 IMAGE ID            CREATED             SIZE\r\nheytrav/docker-introduction-slides   latest              1cedfbdf2482        4 days ago          840 MB\r\nalpine                               latest              4a415e366388        2 months ago        3.99 MB\r\nhello-world                          latest              48b5124b2768        3 months ago        1.84 kB\r\n"
    ],
    [
      0.005237,
      "\u001b[1m\u001b[3m%\u001b[23m\u001b[1m\u001b[0m                                                                                                                                                                             \r \r\u001bk~\u001b\\"
    ],
    [
      0.072591,
      "\r\u001b[0m\u001b[23m\u001b[24m\u001b[J\u001b[01;32m➜  \u001b[36m~\u001b[00m \u001b[K"
    ],
    [
      9.7e-05,
      "\u001b[?1h\u001b="
    ],
    [
      4.6e-05,
      "\u001b[?2004h"
    ],
    [
      1.751631,
      "\u001b[?2004l\r\r\n"
    ]
  ]
}
