{
  "version": 1,
  "width": 120,
  "height": 15,
  "duration": 28.639055,
  "command": null,
  "title": null,
  "env": {
    "TERM": "screen-256color",
    "SHELL": "/bin/zsh"
  },
  "stdout": [
    [
      1.729031,
      "\u001b[1m\u001b[3m%\u001b[23m\u001b[1m\u001b[0m                                                                                                                       \r \r"
    ],
    [
      0.035585,
      "\r\n\u001b[34m \u001b[90m \u001b[39m \u001b[33m\u001b[39m\r\n"
    ],
    [
      4.7e-05,
      "\u001bk~\u001b\\"
    ],
    [
      0.012743,
      "\r\u001b[0m\u001b[23m\u001b[24m\u001b[J\u001b[35mâ¯\u001b[39m \u001b[K\u001b[?1h\u001b="
    ],
    [
      5.2e-05,
      "\u001b[?2004h"
    ],
    [
      0.615606,
      "d"
    ],
    [
      0.11055,
      "\bdo"
    ],
    [
      0.118103,
      "c"
    ],
    [
      0.107599,
      "k"
    ],
    [
      0.11504,
      "e"
    ],
    [
      0.122587,
      "r"
    ],
    [
      0.084705,
      " "
    ],
    [
      0.146129,
      "r"
    ],
    [
      0.123854,
      "u"
    ],
    [
      0.224798,
      "n"
    ],
    [
      0.13725,
      " "
    ],
    [
      0.191424,
      "h"
    ],
    [
      0.199825,
      "e"
    ],
    [
      0.091631,
      "l"
    ],
    [
      0.209286,
      "l"
    ],
    [
      0.216714,
      "o"
    ],
    [
      0.279174,
      "-"
    ],
    [
      0.203899,
      "w"
    ],
    [
      0.164967,
      "o"
    ],
    [
      0.116915,
      "r"
    ],
    [
      0.120853,
      "l"
    ],
    [
      0.337179,
      "d"
    ],
    [
      0.269071,
      "\u001b[?1l\u001b>"
    ],
    [
      6.9e-05,
      "\u001b[?2004l\r\r\n"
    ],
    [
      0.601511,
      "Unable to find image 'hello-world:latest' locally\r\n"
    ],
    [
      7.780826,
      "latest: Pulling from library/hello-world\r\n"
    ],
    [
      0.032989,
      "\r\n\u001b[1A\u001b[2K\r78445dd45222: Pulling fs layer \r\u001b[1B"
    ],
    [
      3.367713,
      "\u001b[1A\u001b[2K\r78445dd45222: "
    ],
    [
      0.002824,
      "Downloading [==================================================>]    971 B/971 B\r\u001b[1B"
    ],
    [
      3.8e-05,
      "\u001b[1A\u001b[2K\r78445dd45222: Download complete \r\u001b[1B"
    ],
    [
      0.008612,
      "\u001b[1A\u001b[2K\r78445dd45222: Extracting [==================================================>]    971 B/971 B\r\u001b[1B"
    ],
    [
      0.196715,
      "\u001b[1A\u001b[2K\r78445dd45222: Extracting [==================================================>]    971 B/971 B\r\u001b[1B"
    ],
    [
      1.475016,
      "\u001b[1A\u001b[2K\r78445dd45222: Pull complete \r\u001b[1B"
    ],
    [
      0.261689,
      "Digest: sha256:c5515758d4c5e1e838e9cd307f6c6a0d620b5e07e6f927b07d05f6d12a1ac8d7\r\n"
    ],
    [
      0.143998,
      "Status: Downloaded newer image for hello-world:latest\r\n"
    ],
    [
      3.414522,
      "\r\nHello from Docker!\r\nThis message shows that your installation appears to be working correctly.\r\n\r\nTo generate this message, Docker took the following steps:\r\n 1. The Docker client contacted the Docker daemon.\r\n 2. The Docker daemon pulled the \"hello-world\" image from the Docker Hub.\r\n 3. The Docker daemon created a new container from that image which runs the\r\n    executable that produces the output you are currently reading.\r\n 4. The Docker daemon streamed that output to the Docker client, which sent it\r\n    to your terminal.\r\n\r\nTo try something more ambitious, you can run an Ubuntu container with:\r\n $ docker run -it ubuntu bash\r\n\r\nShare images, automate workflows, and more with a free Docker ID:\r\n https://cloud.docker.com/\r\n\r\nFor more examples and ideas, visit:\r\n https://docs.docker.com/engine/userguide/\r\n\r\n"
    ],
    [
      0.218878,
      "\u001b[1m\u001b[3m%\u001b[23m\u001b[1m\u001b[0m                                                                                                                       \r \r"
    ],
    [
      0.071719,
      "\r\n\u001b[34m \u001b[90m \u001b[39m \u001b[33m17s\u001b[39m\r\n"
    ],
    [
        3.0,
        "\r\n"
    ]
  ]
}
