{
  "version": 1,
  "stdout": [
    [
      0.030322,
      "\u001b[01;32mubuntu@worker1-trainingpc\u001b[00m:\u001b[01;34m~\u001b[00m$ "
    ],
    [
      2.051398,
      "d"
    ],
    [
      0.000119,
      "o"
    ],
    [
      9.8e-05,
      "c"
    ],
    [
      0.000114,
      "k"
    ],
    [
      0.000107,
      "e"
    ],
    [
      9.4e-05,
      "r"
    ],
    [
      9.7e-05,
      " "
    ],
    [
      9.7e-05,
      "s"
    ],
    [
      0.000112,
      "w"
    ],
    [
      9.6e-05,
      "a"
    ],
    [
      8e-05,
      "r"
    ],
    [
      7.7e-05,
      "m"
    ],
    [
      7.4e-05,
      " "
    ],
    [
      7.6e-05,
      "j"
    ],
    [
      7.5e-05,
      "o"
    ],
    [
      7.4e-05,
      "i"
    ],
    [
      7.6e-05,
      "n"
    ],
    [
      7.5e-05,
      " "
    ],
    [
      0.000208,
      "\\"
    ],
    [
      0.000107,
      "\r\n"
    ],
    [
      0.000186,
      "> "
    ],
    [
      9.4e-05,
      " "
    ],
    [
      7.9e-05,
      " "
    ],
    [
      7.5e-05,
      " "
    ],
    [
      7.4e-05,
      " "
    ],
    [
      8.7e-05,
      "-"
    ],
    [
      7.6e-05,
      "-"
    ],
    [
      7.1e-05,
      "t"
    ],
    [
      7.5e-05,
      "o"
    ],
    [
      7.8e-05,
      "k"
    ],
    [
      8.2e-05,
      "e"
    ],
    [
      8.2e-05,
      "n"
    ],
    [
      9.4e-05,
      " "
    ],
    [
      9.4e-05,
      "S"
    ],
    [
      7.2e-05,
      "W"
    ],
    [
      7e-05,
      "M"
    ],
    [
      6.8e-05,
      "T"
    ],
    [
      6.6e-05,
      "K"
    ],
    [
      6.2e-05,
      "N"
    ],
    [
      0.000132,
      "-"
    ],
    [
      0.000104,
      "1"
    ],
    [
      8.7e-05,
      "-"
    ],
    [
      9.9e-05,
      "1"
    ],
    [
      9.3e-05,
      "2"
    ],
    [
      0.000106,
      "f"
    ],
    [
      7.8e-05,
      "f"
    ],
    [
      8.4e-05,
      "z"
    ],
    [
      7.4e-05,
      "f"
    ],
    [
      7.2e-05,
      "i"
    ],
    [
      7.2e-05,
      "8"
    ],
    [
      7.6e-05,
      "e"
    ],
    [
      0.000105,
      "c"
    ],
    [
      0.000105,
      "b"
    ],
    [
      7.8e-05,
      "k"
    ],
    [
      7.5e-05,
      "7"
    ],
    [
      7.5e-05,
      "4"
    ],
    [
      7.6e-05,
      "2"
    ],
    [
      8.2e-05,
      "0"
    ],
    [
      7.2e-05,
      "j"
    ],
    [
      0.00012,
      "3"
    ],
    [
      7.8e-05,
      "i"
    ],
    [
      8e-05,
      "l"
    ],
    [
      7.3e-05,
      "l"
    ],
    [
      9.7e-05,
      "7"
    ],
    [
      0.000141,
      "u"
    ],
    [
      8.3e-05,
      "0"
    ],
    [
      0.000102,
      "f"
    ],
    [
      9.3e-05,
      "w"
    ],
    [
      9e-05,
      "w"
    ],
    [
      8.2e-05,
      "w"
    ],
    [
      8.7e-05,
      "3"
    ],
    [
      8.1e-05,
      "1"
    ],
    [
      0.000121,
      "q"
    ],
    [
      9.6e-05,
      "r"
    ],
    [
      0.000107,
      "m"
    ],
    [
      9.3e-05,
      "6"
    ],
    [
      9.7e-05,
      "3"
    ],
    [
      9.3e-05,
      "e"
    ],
    [
      8.6e-05,
      "g"
    ],
    [
      8.4e-05,
      "s"
    ],
    [
      7.8e-05,
      "y"
    ],
    [
      7.7e-05,
      "z"
    ],
    [
      0.000127,
      "n"
    ],
    [
      0.000113,
      "f"
    ],
    [
      0.000127,
      "t"
    ],
    [
      0.00011,
      "v"
    ],
    [
      9.1e-05,
      "0"
    ],
    [
      9.6e-05,
      "r"
    ],
    [
      0.000127,
      "p"
    ],
    [
      0.000101,
      "9"
    ],
    [
      0.000113,
      "9"
    ],
    [
      0.000111,
      "r"
    ],
    [
      0.000101,
      "-"
    ],
    [
      0.000115,
      "7"
    ],
    [
      0.000113,
      "j"
    ],
    [
      0.000113,
      "6"
    ],
    [
      0.000107,
      "k"
    ],
    [
      0.000117,
      "8"
    ],
    [
      9.4e-05,
      "e"
    ],
    [
      0.000117,
      "m"
    ],
    [
      0.000116,
      "s"
    ],
    [
      9.6e-05,
      "i"
    ],
    [
      0.000156,
      "s"
    ],
    [
      0.000124,
      "3"
    ],
    [
      0.000118,
      "4"
    ],
    [
      0.000105,
      "y"
    ],
    [
      0.00014,
      "l"
    ],
    [
      0.000107,
      "2"
    ],
    [
      0.000116,
      "y"
    ],
    [
      0.000111,
      "j"
    ],
    [
      0.000108,
      "v"
    ],
    [
      0.000125,
      "6"
    ],
    [
      0.000119,
      "o"
    ],
    [
      0.000107,
      "f"
    ],
    [
      9.8e-05,
      "6"
    ],
    [
      0.000122,
      "r"
    ],
    [
      0.000123,
      "x"
    ],
    [
      0.000123,
      "7"
    ],
    [
      0.000102,
      " "
    ],
    [
      0.000148,
      "\\"
    ],
    [
      6.4e-05,
      "\r\n"
    ],
    [
      0.000183,
      "> "
    ],
    [
      8.7e-05,
      " "
    ],
    [
      7.6e-05,
      " "
    ],
    [
      6.7e-05,
      " "
    ],
    [
      8.8e-05,
      " "
    ],
    [
      7.6e-05,
      "1"
    ],
    [
      8.8e-05,
      "9"
    ],
    [
      7.8e-05,
      "2"
    ],
    [
      6.9e-05,
      "."
    ],
    [
      6.6e-05,
      "1"
    ],
    [
      6.6e-05,
      "6"
    ],
    [
      6.7e-05,
      "8"
    ],
    [
      7.4e-05,
      "."
    ],
    [
      0.000141,
      "9"
    ],
    [
      0.000109,
      "9"
    ],
    [
      0.000102,
      "."
    ],
    [
      7.3e-05,
      "1"
    ],
    [
      6.9e-05,
      "0"
    ],
    [
      0.000103,
      "0"
    ],
    [
      9.6e-05,
      ":"
    ],
    [
      0.000103,
      "2"
    ],
    [
      7.6e-05,
      "3"
    ],
    [
      7.1e-05,
      "7"
    ],
    [
      7e-05,
      "7"
    ],
    [
      7.4e-05,
      "\r\n"
    ],
    [
      0.235733,
      "This node joined a swarm as a worker.\r\n\u001b[01;32mubuntu@worker1-trainingpc\u001b[00m:\u001b[01;34m~\u001b[00m$ "
    ],
    [
        1.0,
        "\r\n"
    ]
  ],
  "width": 107,
  "title": null,
  "duration": 3.331594,
  "height": 16,
  "env": {
    "TERM": "screen-256color",
    "SHELL": "/bin/bash"
  },
  "command": null
}
