{
  "version": 1,
  "width": 174,
  "height": 11,
  "duration": 70.402162,
  "command": null,
  "title": null,
  "env": {
    "TERM": "screen-256color",
    "SHELL": "/bin/zsh"
  },
  "stdout": [
    [
      1.545961,
      "\u001b[1m\u001b[3m%\u001b[23m\u001b[1m\u001b[0m                                                                                                                                                                             \r \r"
    ],
    [
      0.000105,
      "\u001bk~/flask-app\u001b\\"
    ],
    [
      0.076023,
      "\r\u001b[0m\u001b[23m\u001b[24m\u001b[J\u001b[01;32m➜  \u001b[36mflask-app\u001b[00m \u001b[K"
    ],
    [
      0.000294,
      "\u001b[?1h\u001b=\u001b[?2004h"
    ],
    [
      0.690763,
      "d"
    ],
    [
      0.189982,
      "\bdo"
    ],
    [
      0.120384,
      "c"
    ],
    [
      0.131095,
      "k"
    ],
    [
      0.152327,
      "e"
    ],
    [
      0.143508,
      "r"
    ],
    [
      0.108656,
      " "
    ],
    [
      0.164385,
      "r"
    ],
    [
      0.130843,
      "u"
    ],
    [
      0.220417,
      "n"
    ],
    [
      0.145795,
      " "
    ],
    [
      0.212591,
      "-"
    ],
    [
      0.271442,
      "p"
    ],
    [
      0.159537,
      " "
    ],
    [
      0.261742,
      "8"
    ],
    [
      0.238101,
      "8"
    ],
    [
      0.218801,
      "8"
    ],
    [
      0.239721,
      "8"
    ],
    [
      0.417494,
      ":"
    ],
    [
      0.583299,
      "5"
    ],
    [
      0.227374,
      "0"
    ],
    [
      0.223427,
      "0"
    ],
    [
      0.238682,
      "0"
    ],
    [
      0.514657,
      " "
    ],
    [
      0.226489,
      "-"
    ],
    [
      0.161272,
      "-"
    ],
    [
      0.229987,
      "n"
    ],
    [
      0.09567,
      "a"
    ],
    [
      0.124321,
      "m"
    ],
    [
      0.071771,
      "e"
    ],
    [
      0.139418,
      " "
    ],
    [
      0.117024,
      "m"
    ],
    [
      0.341402,
      "y"
    ],
    [
      0.191757,
      "f"
    ],
    [
      0.406297,
      "i"
    ],
    [
      0.186436,
      "r"
    ],
    [
      0.200873,
      "s"
    ],
    [
      0.191234,
      "t"
    ],
    [
      0.147467,
      "a"
    ],
    [
      0.179712,
      "p"
    ],
    [
      0.191919,
      "p"
    ],
    [
      0.148347,
      " "
    ],
    [
      0.566246,
      "-"
    ],
    [
      0.184477,
      "-"
    ],
    [
      0.164905,
      "r"
    ],
    [
      0.127896,
      "m"
    ],
    [
      0.151595,
      " "
    ],
    [
      0.265056,
      "h"
    ],
    [
      0.129799,
      "e"
    ],
    [
      0.124745,
      "y"
    ],
    [
      0.107601,
      "t"
    ],
    [
      0.202782,
      "r"
    ],
    [
      0.109917,
      "a"
    ],
    [
      0.342093,
      "v"
    ],
    [
      0.614139,
      "/"
    ],
    [
      0.613355,
      "m"
    ],
    [
      0.278274,
      "y"
    ],
    [
      0.258383,
      "f"
    ],
    [
      0.168729,
      "i"
    ],
    [
      0.074447,
      "r"
    ],
    [
      0.171264,
      "s"
    ],
    [
      0.20699,
      "t"
    ],
    [
      0.132283,
      "a"
    ],
    [
      0.211999,
      "p"
    ],
    [
      0.181862,
      "p"
    ],
    [
      0.696806,
      "\u001b[?1l\u001b>"
    ],
    [
      0.00027,
      "\u001b[?2004l\r\r\n"
    ],
    [
      1.48063,
      " * Running on http://0.0.0.0:5000/ (Press CTRL+C to quit)\r\n"
    ],
    [
      5.602001,
      "172.17.0.1 - - [07/May/2017 11:17:17] \"GET / HTTP/1.1\" 200 -\r\n"
    ],
    [
      6.411306,
      "172.17.0.1 - - [07/May/2017 11:17:23] \"GET / HTTP/1.1\" 200 -\r\n"
    ],
    [
      6.93829,
      "172.17.0.1 - - [07/May/2017 11:17:30] \"GET / HTTP/1.1\" 200 -\r\n"
    ],
    [
      5.692101,
      "172.17.0.1 - - [07/May/2017 11:17:36] \"GET / HTTP/1.1\" 200 -\r\n"
    ],
    [
      23.192562,
      "\u001b[1m\u001b[3m%\u001b[23m\u001b[1m\u001b[0m                                                                                                                                                                             \r \r"
    ],
    [
      0.00031,
      "\u001bk~/flask-app\u001b\\"
    ],
    [
      0.062314,
      "\r\u001b[0m\u001b[23m\u001b[24m\u001b[J\u001b[01;31m➜  \u001b[36mflask-app\u001b[00m \u001b[K"
    ],
    [
      6.8e-05,
      "\u001b[?1h\u001b="
    ],
    [
      0.000177,
      "\u001b[?2004h"
    ],
    [
      3.881724,
      "\u001b[?2004l\r\r\n"
    ]
  ]
}
