{
  "version": 1,
  "width": 174,
  "height": 11,
  "duration": 19.79004,
  "command": null,
  "title": null,
  "env": {
    "TERM": "screen-256color",
    "SHELL": "/bin/zsh"
  },
  "stdout": [
    [
      1.619767,
      "\u001b[1m\u001b[3m%\u001b[23m\u001b[1m\u001b[0m                                                                                                                                                                             \r \r\u001bk~\u001b\\"
    ],
    [
      0.082683,
      "\r\u001b[0m\u001b[23m\u001b[24m\u001b[J\u001b[01;32m➜  \u001b[36m~\u001b[00m \u001b[K"
    ],
    [
      0.000233,
      "\u001b[?1h\u001b="
    ],
    [
      3e-05,
      "\u001b[?2004h"
    ],
    [
      0.466278,
      "d"
    ],
    [
      0.154227,
      "\bdo"
    ],
    [
      0.165406,
      "c"
    ],
    [
      0.111285,
      "k"
    ],
    [
      0.161015,
      "e"
    ],
    [
      0.180108,
      "r"
    ],
    [
      0.165056,
      " "
    ],
    [
      0.195817,
      "r"
    ],
    [
      0.128466,
      "u"
    ],
    [
      0.229531,
      "n"
    ],
    [
      0.205024,
      " "
    ],
    [
      0.491095,
      "-"
    ],
    [
      0.799674,
      "i"
    ],
    [
      0.228115,
      "t"
    ],
    [
      0.200744,
      " "
    ],
    [
      0.157549,
      "a"
    ],
    [
      0.164733,
      "l"
    ],
    [
      0.272932,
      "p"
    ],
    [
      0.277673,
      "i"
    ],
    [
      0.194336,
      "n"
    ],
    [
      0.113161,
      "e"
    ],
    [
      0.118654,
      " "
    ],
    [
      0.207222,
      "/"
    ],
    [
      0.216139,
      "b"
    ],
    [
      0.095966,
      "i"
    ],
    [
      0.117753,
      "n"
    ],
    [
      0.228183,
      "/"
    ],
    [
      0.22706,
      "s"
    ],
    [
      0.142914,
      "h"
    ],
    [
      1.19882,
      "\u001b[?1l\u001b>\u001b[?2004l\r\r\n"
    ],
    [
      1.348125,
      "/ # \u001b[6n"
    ],
    [
      0.084377,
      "\r/ # \u001b[J"
    ],
    [
      0.660776,
      "l"
    ],
    [
      0.114824,
      "s"
    ],
    [
      0.265544,
      "\r\n"
    ],
    [
      0.031412,
      "\u001b[1;34mbin\u001b[0m    \u001b[1;34mdev\u001b[0m    \u001b[1;34metc\u001b[0m    \u001b[1;34mhome\u001b[0m   \u001b[1;34mlib\u001b[0m    \u001b[1;34mmedia\u001b[0m  \u001b[1;34mmnt\u001b[0m    \u001b[1;34mproc\u001b[0m   \u001b[1;34mroot\u001b[0m   \u001b[1;34mrun\u001b[0m    \u001b[1;34msbin\u001b[0m   \u001b[1;34msrv\u001b[0m    \u001b[1;34msys\u001b[0m    \u001b[1;34mtmp\u001b[0m    \u001b[1;34musr\u001b[0m    \u001b[1;34mvar\u001b[0m\r\n/ # \u001b[6n"
    ],
    [
      3.629016,
      "e"
    ],
    [
      0.35401,
      "x"
    ],
    [
      0.187247,
      "i"
    ],
    [
      0.139937,
      "t"
    ],
    [
      0.139511,
      "\r\n"
    ],
    [
      0.122957,
      "\u001b[1m\u001b[3m%\u001b[23m\u001b[1m\u001b[0m                                                                                                                                                                             \r \r"
    ],
    [
      0.000629,
      "\u001bk~\u001b\\"
    ],
    [
      0.089549,
      "\r\u001b[0m\u001b[23m\u001b[24m\u001b[J\u001b[01;32m➜  \u001b[36m~\u001b[00m \u001b[K"
    ],
    [
      8.7e-05,
      "\u001b[?1h\u001b="
    ],
    [
      6.9e-05,
      "\u001b[?2004h"
    ],
    [
      1.248497,
      "\u001b[?2004l\r\r\n"
    ],
    [
        2.0,
        "\r\n"
    ]
  ]
}
