{
  "width": 198,
  "duration": 6.38218,
  "command": null,
  "version": 1,
  "height": 12,
  "stdout": [
    [
      6.3e-05,
      "\u001bk~\u001b\\"
    ],
    [
      0.000125,
      "\r\u001b[0m\u001b[23m\u001b[24m\u001b[J\u001b[35m❯\u001b[39m \u001b[K\u001b[195C\u001b[90m\u001b[39m\u001b[195D"
    ],
    [
      4e-05,
      "\u001b[?1h\u001b="
    ],
    [
      2.5e-05,
      "\u001b[?2004h"
    ],
    [
      0.908442,
      "d"
    ],
    [
      0.174148,
      "\bdo"
    ],
    [
      0.158758,
      "c"
    ],
    [
      0.086042,
      "k"
    ],
    [
      0.217829,
      "e"
    ],
    [
      0.149116,
      "r"
    ],
    [
      0.192391,
      " "
    ],
    [
      0.312072,
      "p"
    ],
    [
      0.527066,
      "s"
    ],
    [
      0.520111,
      "\u001b[?1l\u001b>"
    ],
    [
      8.5e-05,
      "\u001b[?2004l"
    ],
    [
      8.7e-05,
      "\r\r\n"
    ],
    [
      0.027814,
      "CONTAINER ID"
    ],
    [
      0.000174,
      "        "
    ],
    [
      2e-05,
      "IMAGE"
    ],
    [
      1.5e-05,
      "        "
    ],
    [
      1.4e-05,
      "        "
    ],
    [
      1.4e-05,
      "        "
    ],
    [
      1.4e-05,
      "        "
    ],
    [
      1.5e-05,
      "COMMAND"
    ],
    [
      1.4e-05,
      "        "
    ],
    [
      1.8e-05,
      "        "
    ],
    [
      1.5e-05,
      "  "
    ],
    [
      1.4e-05,
      "CREATED"
    ],
    [
      1.4e-05,
      "        "
    ],
    [
      1.4e-05,
      "     "
    ],
    [
      1.4e-05,
      "STATUS"
    ],
    [
      1.4e-05,
      "        "
    ],
    [
      1.4e-05,
      "      "
    ],
    [
      1.5e-05,
      "PORTS"
    ],
    [
      1.5e-05,
      "        "
    ],
    [
      0.000453,
      "            NAMES\r\nb3169acf49f8        alpine                               \"/bin/sh\"                41 seconds ago      Up 40 seconds                                adoring_edison\r\n02aa3e50580c        heytrav/docker-introduction-slides   \"/usr/local/bin/du...\"   38 minutes ago      Up 38 minutes       0.0.0.0:8000->8000/tcp   docker-intro\r\n"
    ],
    [
      0.002566,
      "\u001b[1m\u001b[3m%\u001b[23m\u001b[1m\u001b[0m                                                                                                                                                                                                     \r \r"
    ],
    [
      0.018245,
      "\r\n"
    ],
    [
      0.000824,
      "\u001b[34m~ \u001b[90m \u001b[39m \u001b[33m\u001b[39m"
    ],
    [
      0.001185,
      "\r\n\u001bk~\u001b\\"
    ],
    [
      0.000148,
      "\r\u001b[0m\u001b[23m\u001b[24m\u001b[J\u001b[35m❯\u001b[39m "
    ],
    [
      0.0006,
      "\u001b[K\u001b[195C\u001b[90m\u001b[39m\u001b[195D"
    ],
    [
      6.4e-05,
      "\u001b[?1h\u001b="
    ],
    [
      5.4e-05,
      "\u001b[?2004h"
    ],
    [
      2.598958,
      "\u001b[?2004l\r\r\n"
    ]
  ],
  "title": "docker ps",
  "env": {
    "TERM": "screen-256color",
    "SHELL": "/bin/zsh"
  }
}
