{
  "version": 1,
  "duration": 13.827069,
  "width": 198,
  "stdout": [
    [
      0.000776,
      "\u001bk~\u001b\\"
    ],
    [
      0.001064,
      "\r\u001b[0m\u001b[23m\u001b[24m\u001b[J\u001b[35m❯\u001b[39m \u001b[K\u001b[195C\u001b[90m\u001b[39m\u001b[195D\u001b[?1h\u001b=\u001b[?2004h"
    ],
    [
      0.722224,
      "d"
    ],
    [
      0.171434,
      "\bdo"
    ],
    [
      0.140287,
      "c"
    ],
    [
      0.079743,
      "k"
    ],
    [
      0.27252,
      "e"
    ],
    [
      0.132537,
      "r"
    ],
    [
      0.216721,
      " "
    ],
    [
      0.229941,
      "r"
    ],
    [
      0.097877,
      "u"
    ],
    [
      0.24475,
      "n"
    ],
    [
      0.161942,
      " "
    ],
    [
      0.184574,
      "-"
    ],
    [
      0.25003,
      "i"
    ],
    [
      0.135334,
      "t"
    ],
    [
      0.353745,
      " "
    ],
    [
      0.716582,
      "-"
    ],
    [
      0.176453,
      "-"
    ],
    [
      0.257593,
      "n"
    ],
    [
      0.103621,
      "a"
    ],
    [
      0.125716,
      "m"
    ],
    [
      0.08488,
      "e"
    ],
    [
      0.323681,
      " "
    ],
    [
      0.158808,
      "m"
    ],
    [
      0.234191,
      "y"
    ],
    [
      0.137773,
      "a"
    ],
    [
      0.124208,
      "l"
    ],
    [
      0.217716,
      "p"
    ],
    [
      0.190103,
      "i"
    ],
    [
      0.134,
      "n"
    ],
    [
      0.113218,
      "e"
    ],
    [
      0.095434,
      " "
    ],
    [
      1.371544,
      "a"
    ],
    [
      0.115255,
      "l"
    ],
    [
      0.213423,
      "p"
    ],
    [
      0.186835,
      "i"
    ],
    [
      0.146324,
      "n"
    ],
    [
      0.203068,
      "e"
    ],
    [
      0.334442,
      " "
    ],
    [
      0.298038,
      "/"
    ],
    [
      0.217312,
      "b"
    ],
    [
      0.094611,
      "i"
    ],
    [
      0.122261,
      "n"
    ],
    [
      0.186322,
      "/"
    ],
    [
      0.187536,
      "s"
    ],
    [
      0.106309,
      "h"
    ],
    [
      0.866879,
      "\u001b[?1l\u001b>"
    ],
    [
      0.000136,
      "\u001b[?2004l"
    ],
    [
      7.3e-05,
      "\r"
    ],
    [
      6e-05,
      "\r\n"
    ],
    [
      0.058867,
      "docker: Error response from daemon: Conflict. The container name \r\n\"/myalpine\" is already in use by container\r\n\"2a6d5c169a5c939b2ef2d7c4bcd0e0a5321a935bf36279357311967b74f54b49\".\r\nYou have to remove (or rename) that container to be able to reuse that name.\r\nSee 'docker run --help'.\r\n"
    ],
    [
      7.4e-05,
      "\r\u001b[0m\u001b[23m\u001b[24m\u001b[J\u001b[31m❯\u001b[39m \u001b[K\u001b[195C\u001b[90m\u001b[39m\u001b[195D"
    ],
    [
      2.3e-05,
      "\u001b[?1h\u001b="
    ],
    [
      2.9e-05,
      "\u001b[?2004h"
    ],
    [
      2.899401,
      "\u001b[?2004l\r\r\n"
    ]
  ],
  "title": "static-site-v1",
  "command": null,
  "env": {
    "TERM": "screen-256color",
    "SHELL": "/bin/zsh"
  },
  "height": 7
}
