{
  "version": 1,
  "width": 174,
  "height": 9,
  "duration": 13.741215,
  "command": null,
  "title": null,
  "env": {
    "TERM": "screen-256color",
    "SHELL": "/bin/zsh"
  },
  "stdout": [
    [
      1.612957,
      "\u001b[1m\u001b[3m%\u001b[23m\u001b[1m\u001b[0m                                                                                                                                                                             \r \r\u001bk~\u001b\\"
    ],
    [
      0.078239,
      "\r\u001b[0m\u001b[23m\u001b[24m\u001b[J\u001b[01;32m➜  \u001b[36m~\u001b[00m "
    ],
    [
      5.2e-05,
      "\u001b[K"
    ],
    [
      0.000377,
      "\u001b[?1h\u001b=\u001b[?2004h"
    ],
    [
      0.514315,
      "d"
    ],
    [
      0.169382,
      "\bdo"
    ],
    [
      0.168821,
      "c"
    ],
    [
      0.106866,
      "k"
    ],
    [
      0.222288,
      "e"
    ],
    [
      0.160124,
      "r"
    ],
    [
      0.144788,
      " "
    ],
    [
      0.197837,
      "r"
    ],
    [
      0.11849,
      "u"
    ],
    [
      0.220719,
      "n"
    ],
    [
      0.125607,
      " "
    ],
    [
      0.135171,
      "a"
    ],
    [
      0.121084,
      "l"
    ],
    [
      0.285184,
      "p"
    ],
    [
      0.220053,
      "i"
    ],
    [
      0.216892,
      "n"
    ],
    [
      0.139849,
      "e"
    ],
    [
      0.330171,
      " "
    ],
    [
      0.547848,
      "/"
    ],
    [
      0.160514,
      "b"
    ],
    [
      0.11172,
      "i"
    ],
    [
      0.121848,
      "n"
    ],
    [
      0.165054,
      "/"
    ],
    [
      0.454996,
      "s"
    ],
    [
      0.096126,
      "h"
    ],
    [
      0.269826,
      "\u001b[?1l\u001b>"
    ],
    [
      0.000126,
      "\u001b[?2004l\r\r\n"
    ],
    [
      1.503476,
      "\u001b[1m\u001b[3m%\u001b[23m\u001b[1m\u001b[0m                                                                                                                                                                             \r \r"
    ],
    [
      0.000137,
      "\u001bk~\u001b\\"
    ],
    [
      0.048006,
      "\r\u001b[0m\u001b[23m\u001b[24m\u001b[J\u001b[01;32m➜  \u001b[36m~\u001b[00m \u001b[K"
    ],
    [
      5e-05,
      "\u001b[?1h\u001b=\u001b[?2004h"
    ],
    [
      1.926114,
      "\u001b[?2004l\r\r\n"
    ],
    [
        3.0,
        "\r\n"
    ]
  ]
}
