{
  "version": 1,
  "width": 120,
  "height": 15,
  "duration": 13.995315,
  "command": null,
  "title": null,
  "env": {
    "TERM": "screen-256color",
    "SHELL": "/bin/zsh"
  },
  "stdout": [
    [
      0.000303,
      "\u001bk~\u001b\\"
    ],
    [
      0.010368,
      "\r\u001b[0m\u001b[23m\u001b[24m\u001b[J\u001b[35m❯\u001b[39m \u001b[K"
    ],
    [
      0.000298,
      "\u001b[?1h\u001b=\u001b[?2004h"
    ],
    [
      0.813855,
      "\u001b[3mdocker run --rm --name static-site -e AUTHOR=\"YOUR NAME\" \\\u001b[23m\r\r\n\u001b[3m    -d -p 8081:80 dockersamples/static-site\u001b[23m\u001b[K"
    ],
    [
      0.946128,
      "\u001bM\u001b[41D\u001b[23md\u001b[23mo\u001b[23mc\u001b[23mk\u001b[23me\u001b[23mr\u001b[23m \u001b[23mr\u001b[23mu\u001b[23mn\u001b[23m \u001b[23m-\u001b[23m-\u001b[23mr\u001b[23mm\u001b[23m \u001b[23m-\u001b[23m-\u001b[23mn\u001b[23ma\u001b[23mm\u001b[23me\u001b[23m \u001b[23ms\u001b[23mt\u001b[23ma\u001b[23mt\u001b[23mi\u001b[23mc\u001b[23m-\u001b[23ms\u001b[23mi\u001b[23mt\u001b[23me\u001b[23m \u001b[23m-\u001b[23me\u001b[23m \u001b[23mA\u001b[23mU\u001b[23mT\u001b[23mH\u001b[23mO\u001b[23mR\u001b[23m=\u001b[23m\"\u001b[23mY\u001b[23mO\u001b[23mU\u001b[23mR\u001b[23m \u001b[23mN\u001b[23mA\u001b[23mM\u001b[23mE\u001b[23m\"\u001b[23m \u001b[23m\\\u001b[1B\r\u001b[23m \u001b[23m \u001b[23m \u001b[23m \u001b[23m-\u001b[23md\u001b[23m \u001b[23m-\u001b[23mp\u001b[23m \u001b[23m8\u001b[23m0\u001b[23m8\u001b[23m1\u001b[23m:\u001b[23m8\u001b[23m0\u001b[23m \u001b[23md\u001b[23mo\u001b[23mc\u001b[23mk\u001b[23me\u001b[23mr\u001b[23ms\u001b[23ma\u001b[23mm\u001b[23mp\u001b[23ml\u001b[23me\u001b[23ms\u001b[23m/\u001b[23ms\u001b[23mt\u001b[23ma\u001b[23mt\u001b[23mi\u001b[23mc\u001b[23m-\u001b[23ms\u001b[23mi\u001b[23mt\u001b[23me"
    ],
    [
      3.9e-05,
      "\u001b[?1l\u001b>\u001b[?2004l\r\r\n"
    ],
    [
      0.51519,
      "06ba2a841d43ad02a81e33f62561c87c5fb840aebcb0243e6b1a2c6d59a1e16d\r\n"
    ],
    [
      1.089019,
      "\u001b[1m\u001b[3m%\u001b[23m\u001b[1m\u001b[0m                                                                                                                       \r \r"
    ],
    [
      0.022995,
      "\r\n\u001b[34m \u001b[90m \u001b[39m \u001b[33m\u001b[39m\r\n"
    ],
    [
      0.000137,
      "\u001bk~\u001b\\"
    ],
    [
      0.012432,
      "\r\u001b[0m\u001b[23m\u001b[24m\u001b[J\u001b[35m❯\u001b[39m \u001b[K\u001b[?1h\u001b=\u001b[?2004h"
    ],
    [
      0.548679,
      "d"
    ],
    [
      0.181946,
      "\bdo"
    ],
    [
      0.224131,
      "c"
    ],
    [
      0.099458,
      "k"
    ],
    [
      0.253882,
      "e"
    ],
    [
      0.297002,
      "r"
    ],
    [
      0.174285,
      " "
    ],
    [
      0.199072,
      "p"
    ],
    [
      0.150662,
      "o"
    ],
    [
      0.389104,
      "r"
    ],
    [
      0.224903,
      "t"
    ],
    [
      0.1797,
      " "
    ],
    [
      0.164581,
      "s"
    ],
    [
      0.246774,
      "t"
    ],
    [
      0.160091,
      "a"
    ],
    [
      0.270352,
      "t"
    ],
    [
      0.221947,
      "i"
    ],
    [
      0.152625,
      "c"
    ],
    [
      0.234942,
      "-"
    ],
    [
      0.152152,
      "s"
    ],
    [
      0.190992,
      "i"
    ],
    [
      0.16039,
      "t"
    ],
    [
      0.11008,
      "e"
    ],
    [
      0.284339,
      "\u001b[?1l\u001b>"
    ],
    [
      3.3e-05,
      "\u001b[?2004l\r\r\n"
    ],
    [
      0.022673,
      "\u001bkdocker\u001b\\"
    ],
    [
      0.094397,
      "80/tcp -> 0.0.0.0:8081\r\n"
    ],
    [
      0.003305,
      "\u001b[1m\u001b[3m%\u001b[23m\u001b[1m\u001b[0m                                                                                                                       \r \r"
    ],
    [
      0.032954,
      "\r\n\u001b[34m \u001b[90m \u001b[39m \u001b[33m\u001b[39m\r\n"
    ],
    [
      0.000321,
      "\u001bk~\u001b\\"
    ],
    [
      0.007989,
      "\r\u001b[0m\u001b[23m\u001b[24m\u001b[J\u001b[35m❯\u001b[39m \u001b[K"
    ],
    [
      3.7e-05,
      "\u001b[?1h\u001b="
    ],
    [
      2.5e-05,
      "\u001b[?2004h"
    ],
    [
      2.601928,
      "\u001b[?2004l\r\r\n"
    ],
    [
        1.0,
        "\r\n"
    ]
  ]
}
