{
  "version": 1,
  "width": 174,
  "height": 18,
  "duration": 29.539,
  "command": null,
  "title": null,
  "env": {
    "TERM": "screen-256color",
    "SHELL": "/bin/zsh"
  },
  "stdout": [
    [
      1.705136,
      "\u001b[1m\u001b[3m%\u001b[23m\u001b[1m\u001b[0m                                                                                                                                                                             \r \r\u001bk~\u001b\\"
    ],
    [
      0.073842,
      "\r\u001b[0m\u001b[23m\u001b[24m\u001b[J\u001b[01;32m➜  \u001b[36m~\u001b[00m \u001b[K"
    ],
    [
      3.4e-05,
      "\u001b[?1h\u001b="
    ],
    [
      0.000131,
      "\u001b[?2004h"
    ],
    [
      0.576613,
      "d"
    ],
    [
      0.161638,
      "\bdo"
    ],
    [
      0.108916,
      "c"
    ],
    [
      0.121138,
      "k"
    ],
    [
      0.120862,
      "e"
    ],
    [
      0.134262,
      "r"
    ],
    [
      0.069967,
      " "
    ],
    [
      0.167789,
      "p"
    ],
    [
      0.100382,
      "s"
    ],
    [
      0.206654,
      "\u001b[?1l\u001b>"
    ],
    [
      6.1e-05,
      "\u001b[?2004l\r\r\n"
    ],
    [
      0.046239,
      "CONTAINER ID        IMAGE                                COMMAND                  CREATED             STATUS              PORTS                                           NAMES\r\nd04e5d4049a4        dockersamples/static-site            \"/bin/sh -c 'cd /u...\"   13 seconds ago      Up 11 seconds       0.0.0.0:32777->80/tcp, 0.0.0.0:32776->443/tcp   static-site\r\nc5ddb8ebc26e        heytrav/docker-introduction-slides   \"/usr/local/bin/du...\"   5 hours ago         Up 5 hours          0.0.0.0:8000->8000/tcp                          epic_jennings\r\n"
    ],
    [
      0.004165,
      "\u001b[1m\u001b[3m%\u001b[23m\u001b[1m\u001b[0m                                                                                                                                                                             \r \r\u001bk~\u001b\\"
    ],
    [
      0.040767,
      "\r\u001b[0m\u001b[23m\u001b[24m\u001b[J\u001b[01;32m➜  \u001b[36m~\u001b[00m \u001b[K"
    ],
    [
      5.6e-05,
      "\u001b[?1h\u001b="
    ],
    [
      9.4e-05,
      "\u001b[?2004h"
    ],
    [
      1.316923,
      "d"
    ],
    [
      0.155879,
      "\bdo"
    ],
    [
      0.138816,
      "c"
    ],
    [
      0.124913,
      "k"
    ],
    [
      0.141966,
      "e"
    ],
    [
      0.127985,
      "r"
    ],
    [
      0.155674,
      " "
    ],
    [
      0.140997,
      "s"
    ],
    [
      0.211309,
      "t"
    ],
    [
      0.117994,
      "o"
    ],
    [
      0.577055,
      "p"
    ],
    [
      0.124187,
      " "
    ],
    [
      0.281837,
      "s"
    ],
    [
      0.540206,
      "t"
    ],
    [
      0.238,
      "a"
    ],
    [
      0.100689,
      "t"
    ],
    [
      0.46022,
      "i"
    ],
    [
      0.184769,
      "c"
    ],
    [
      0.222057,
      "-"
    ],
    [
      0.133165,
      "s"
    ],
    [
      0.161346,
      "i"
    ],
    [
      0.124649,
      "t"
    ],
    [
      0.103834,
      "e"
    ],
    [
      1.237005,
      "\u001b[?1l\u001b>"
    ],
    [
      5.2e-05,
      "\u001b[?2004l\r\r\n"
    ],
    [
      11.039212,
      "static-site\r\n"
    ],
    [
      0.004694,
      "\u001b[1m\u001b[3m%\u001b[23m\u001b[1m\u001b[0m                                                                                                                                                                             \r \r"
    ],
    [
      0.000298,
      "\u001bk~\u001b\\"
    ],
    [
      0.053664,
      "\r\u001b[0m\u001b[23m\u001b[24m\u001b[J\u001b[01;32m➜  \u001b[36m~\u001b[00m \u001b[K"
    ],
    [
      5e-05,
      "\u001b[?1h\u001b="
    ],
    [
      6.2e-05,
      "\u001b[?2004h"
    ],
    [
      0.661843,
      "d"
    ],
    [
      0.129618,
      "\bdo"
    ],
    [
      0.171709,
      "c"
    ],
    [
      0.114749,
      "k"
    ],
    [
      0.166814,
      "e"
    ],
    [
      0.133729,
      "r"
    ],
    [
      0.086661,
      " "
    ],
    [
      0.162177,
      "r"
    ],
    [
      0.134951,
      "m"
    ],
    [
      0.088054,
      " "
    ],
    [
      0.103895,
      "s"
    ],
    [
      0.225079,
      "t"
    ],
    [
      0.133563,
      "a"
    ],
    [
      0.123944,
      "t"
    ],
    [
      0.183214,
      "i"
    ],
    [
      0.19429,
      "c"
    ],
    [
      0.304322,
      "-"
    ],
    [
      0.102155,
      "s"
    ],
    [
      0.223139,
      "i"
    ],
    [
      0.129348,
      "t"
    ],
    [
      0.139858,
      "e"
    ],
    [
      0.180228,
      "\u001b[?1l\u001b>"
    ],
    [
      6.2e-05,
      "\u001b[?2004l\r\r\n"
    ],
    [
      0.122158,
      "static-site\r\n"
    ],
    [
      0.004591,
      "\u001b[1m\u001b[3m%\u001b[23m\u001b[1m\u001b[0m                                                                                                                                                                             \r \r"
    ],
    [
      0.000124,
      "\u001bk~\u001b\\"
    ],
    [
      0.04413,
      "\r\u001b[0m\u001b[23m\u001b[24m\u001b[J\u001b[01;32m➜  \u001b[36m~\u001b[00m \u001b[K"
    ],
    [
      4.5e-05,
      "\u001b[?1h\u001b="
    ],
    [
      2.7e-05,
      "\u001b[?2004h"
    ],
    [
      0.736685,
      "d"
    ],
    [
      0.121977,
      "\bdo"
    ],
    [
      0.13731,
      "c"
    ],
    [
      0.130679,
      "k"
    ],
    [
      0.13555,
      "e"
    ],
    [
      0.123759,
      "r"
    ],
    [
      0.104062,
      " "
    ],
    [
      0.141845,
      "p"
    ],
    [
      0.107581,
      "s"
    ],
    [
      0.246529,
      "\u001b[?1l\u001b>"
    ],
    [
      4.5e-05,
      "\u001b[?2004l\r\r\n"
    ],
    [
      0.032071,
      "CONTAINER ID        IMAGE                                COMMAND                  CREATED             STATUS              PORTS                    NAMES\r\nc5ddb8ebc26e        heytrav/docker-introduction-slides   \"/usr/local/bin/du...\"   5 hours ago         Up 5 hours          0.0.0.0:8000->8000/tcp   epic_jennings\r\n"
    ],
    [
      0.00354,
      "\u001b[1m\u001b[3m%\u001b[23m\u001b[1m\u001b[0m                                                                                                                                                                             \r \r"
    ],
    [
      0.000482,
      "\u001bk~\u001b\\"
    ],
    [
      0.042783,
      "\r\u001b[0m\u001b[23m\u001b[24m\u001b[J\u001b[01;32m➜  \u001b[36m~\u001b[00m \u001b[K"
    ],
    [
      3.5e-05,
      "\u001b[?1h\u001b="
    ],
    [
      7.7e-05,
      "\u001b[?2004h"
    ],
    [
      1.459156,
      "\u001b[?2004l\r\r\n"
    ]
  ]
}
