{
  "version": 1,
  "width": 174,
  "height": 11,
  "duration": 18.452525,
  "command": null,
  "title": null,
  "env": {
    "TERM": "screen-256color",
    "SHELL": "/bin/zsh"
  },
  "stdout": [
    [
      1.762862,
      "\u001b[1m\u001b[3m%\u001b[23m\u001b[1m\u001b[0m                                                                                                                                                                             \r \r"
    ],
    [
      0.000104,
      "\u001bk~\u001b\\"
    ],
    [
      0.085957,
      "\r\u001b[0m\u001b[23m\u001b[24m\u001b[J\u001b[01;32m➜  \u001b[36m~\u001b[00m "
    ],
    [
      3.9e-05,
      "\u001b[K"
    ],
    [
      0.000334,
      "\u001b[?1h\u001b="
    ],
    [
      0.000538,
      "\u001b[?2004h"
    ],
    [
      0.544223,
      "d"
    ],
    [
      0.228775,
      "\bdo"
    ],
    [
      0.119006,
      "c"
    ],
    [
      0.150389,
      "k"
    ],
    [
      0.162038,
      "e"
    ],
    [
      0.146872,
      "r"
    ],
    [
      0.131128,
      " "
    ],
    [
      0.145155,
      "s"
    ],
    [
      0.289133,
      "t"
    ],
    [
      0.072267,
      "o"
    ],
    [
      0.200229,
      "p"
    ],
    [
      0.128452,
      " "
    ],
    [
      0.821092,
      "\u001b[3m25eff330a4e4\u001b[23m"
    ],
    [
      0.66762,
      "\u001b[12D\u001b[23m2\u001b[23m5\u001b[23me\u001b[23mf\u001b[23mf\u001b[23m3\u001b[23m3\u001b[23m0\u001b[23ma\u001b[23m4\u001b[23me\u001b[23m4"
    ],
    [
      7.3e-05,
      "\u001b[?1l\u001b>"
    ],
    [
      0.000157,
      "\u001b[?2004l\r\r\n"
    ],
    [
      11.037313,
      "25eff330a4e4\r\n"
    ],
    [
      0.004329,
      "\u001b[1m\u001b[3m%\u001b[23m\u001b[1m\u001b[0m                                                                                                                                                                             \r \r"
    ],
    [
      0.000149,
      "\u001bk~\u001b\\"
    ],
    [
      0.09078,
      "\r\u001b[0m\u001b[23m\u001b[24m\u001b[J\u001b[01;32m➜  \u001b[36m~\u001b[00m \u001b[K\u001b[?1h\u001b=\u001b[?2004h"
    ],
    [
      1.604927,
      "\u001b[?2004l\r\r\n"
    ]
  ]
}
