{
  "version": 1,
  "width": 174,
  "height": 15,
  "duration": 35.158694,
  "command": null,
  "title": null,
  "env": {
    "TERM": "xterm-256color",
    "SHELL": "/bin/zsh"
  },
  "stdout": [
    [
      1.583383,
      "\u001b[1m\u001b[7m%\u001b[27m\u001b[1m\u001b[0m                                                                                                                                                                             \r \r"
    ],
    [
      0.097931,
      "\r\n\u001b[34mmaster \u001b[90m \u001b[39m \u001b[33m\u001b[39m\r\n"
    ],
    [
      9.6e-05,
      "\u001b]2;travis@stuff-air: ~/repos/example-voting-app\u0007\u001b]1;..le-voting-app\u0007"
    ],
    [
      0.031665,
      "\r\u001b[0m\u001b[27m\u001b[24m\u001b[J\u001b[35m❯\u001b[39m "
    ],
    [
      5.8e-05,
      "\u001b[K\u001b[165Cmaster\u001b[171D"
    ],
    [
      6.5e-05,
      "\u001b[?1h\u001b="
    ],
    [
      0.000103,
      "\u001b[?2004h"
    ],
    [
      0.612711,
      "d"
    ],
    [
      0.163934,
      "\bdo"
    ],
    [
      0.139464,
      "c"
    ],
    [
      0.105387,
      "k"
    ],
    [
      0.173791,
      "e"
    ],
    [
      0.167298,
      "r"
    ],
    [
      0.216441,
      " "
    ],
    [
      0.132689,
      "s"
    ],
    [
      0.186492,
      "t"
    ],
    [
      0.127995,
      "a"
    ],
    [
      0.321199,
      "c"
    ],
    [
      0.142651,
      "k"
    ],
    [
      0.151855,
      " "
    ],
    [
      0.120253,
      "d"
    ],
    [
      0.22301,
      "e"
    ],
    [
      0.118032,
      "p"
    ],
    [
      0.248534,
      "l"
    ],
    [
      0.183132,
      "o"
    ],
    [
      0.216636,
      "y"
    ],
    [
      0.16844,
      " "
    ],
    [
      0.182127,
      "-"
    ],
    [
      0.263448,
      "-"
    ],
    [
      0.342603,
      "c"
    ],
    [
      0.063803,
      "o"
    ],
    [
      0.152217,
      "m"
    ],
    [
      0.169684,
      "p"
    ],
    [
      0.1543,
      "o"
    ],
    [
      0.210916,
      "s"
    ],
    [
      0.345992,
      "e"
    ],
    [
      0.201967,
      "-"
    ],
    [
      0.190619,
      "f"
    ],
    [
      0.125393,
      "i"
    ],
    [
      0.204092,
      "l"
    ],
    [
      0.151491,
      "e"
    ],
    [
      0.247301,
      " "
    ],
    [
      0.688237,
      "d"
    ],
    [
      0.072254,
      "o"
    ],
    [
      0.153677,
      "c"
    ],
    [
      0.096527,
      "k"
    ],
    [
      0.128596,
      "e"
    ],
    [
      0.125159,
      "r"
    ],
    [
      0.193327,
      "-"
    ],
    [
      0.120576,
      "s"
    ],
    [
      0.158884,
      "t"
    ],
    [
      0.09981,
      "a"
    ],
    [
      0.396906,
      "ck.yml\u001b[1m \u001b[0m"
    ],
    [
      1.096669,
      "\b\u001b[0m v"
    ],
    [
      0.176776,
      "o"
    ],
    [
      0.134678,
      "t"
    ],
    [
      0.131063,
      "e"
    ],
    [
      0.145103,
      "\u001b[?1l\u001b>"
    ],
    [
      0.000819,
      "\u001b[?2004l\r\r\n"
    ],
    [
      0.011521,
      "\u001b]2;docker stack deploy --compose-file docker-stack.yml vote\u0007\u001b]1;docker\u0007"
    ],
    [
      0.099579,
      "Creating network vote_frontend\r\n"
    ],
    [
      0.029971,
      "Creating network vote_backend\r\n"
    ],
    [
      0.030813,
      "Creating network vote_default\r\n"
    ],
    [
      0.075296,
      "Creating service vote_redis\r\n"
    ],
    [
      3.737996,
      "Creating service vote_db\r\n"
    ],
    [
      3.30009,
      "Creating service vote_vote\r\n"
    ],
    [
      3.206505,
      "Creating service vote_result\r\n"
    ],
    [
      3.330298,
      "Creating service vote_worker\r\n"
    ],
    [
      3.380185,
      "Creating service vote_visualizer\r\n"
    ],
    [
      3.423036,
      "\u001b[1m\u001b[7m%\u001b[27m\u001b[1m\u001b[0m                                                                                                                                                                             \r \r"
    ],
    [
      0.167486,
      "\r\n\u001b[34mmaster \u001b[90m \u001b[39m \u001b[33m21s\u001b[39m\r\n"
    ],
    [
      0.000183,
      "\u001b]2;travis@stuff-air: ~/repos/example-voting-app\u0007\u001b]1;..le-voting-app\u0007"
    ],
    [
      0.053839,
      "\r\u001b[0m\u001b[27m\u001b[24m\u001b[J\u001b[35m❯\u001b[39m \u001b[K\u001b[165Cmaster\u001b[171D"
    ],
    [
      8.4e-05,
      "\u001b[?1h\u001b="
    ],
    [
      0.000169,
      "\u001b[?2004h"
    ],
    [
      1.673599,
      "\u001b[?2004l\r\r\n"
    ]
  ]
}
