{
  "version": 1,
  "width": 174,
  "height": 11,
  "duration": 16.371091,
  "command": null,
  "title": null,
  "env": {
    "TERM": "screen-256color",
    "SHELL": "/bin/zsh"
  },
  "stdout": [
    [
      1.411304,
      "\u001b[1m\u001b[3m%\u001b[23m\u001b[1m\u001b[0m                                                                                                                                                                             \r \r"
    ],
    [
      0.000341,
      "\u001bk~\u001b\\"
    ],
    [
      0.073862,
      "\r\u001b[0m\u001b[23m\u001b[24m\u001b[J\u001b[01;32m➜  \u001b[36m~\u001b[00m "
    ],
    [
      0.0001,
      "\u001b[K"
    ],
    [
      0.000376,
      "\u001b[?1h\u001b="
    ],
    [
      0.000107,
      "\u001b[?2004h"
    ],
    [
      0.67004,
      "\u001b[3m docker run --name static-site -e AUTHOR=\"Mr. Bean\" -d -p 8081:80 dockersamples/static-site\u001b[23m"
    ],
    [
      2.656928,
      "\u001b[83D\u001b[23m \u001b[23md\u001b[23mo\u001b[23mc\u001b[23mk\u001b[23me\u001b[23mr\u001b[23m \u001b[23mr\u001b[23mu\u001b[23mn\u001b[23m \u001b[23m-\u001b[23m-\u001b[23mn\u001b[23ma\u001b[23mm\u001b[23me\u001b[23m \u001b[23ms\u001b[23mt\u001b[23ma\u001b[23mt\u001b[23mi\u001b[23mc\u001b[23m-\u001b[23ms\u001b[23mi\u001b[23mt\u001b[23me\u001b[23m \u001b[23m-\u001b[23me\u001b[23m \u001b[23mA\u001b[23mU\u001b[23mT\u001b[23mH\u001b[23mO\u001b[23mR\u001b[23m=\u001b[23m\"\u001b[23mM\u001b[23mr\u001b[23m.\u001b[23m \u001b[23mB\u001b[23me\u001b[23ma\u001b[23mn\u001b[23m\"\u001b[23m \u001b[23m-\u001b[23md\u001b[23m \u001b[23m-\u001b[23mP\u001b[23m \u001b[23md\u001b[23mo\u001b[23mc\u001b[23mk\u001b[23me\u001b[23mr\u001b[23ms\u001b[23ma\u001b[23mm\u001b[23mp\u001b[23ml\u001b[23me\u001b[23ms\u001b[23m/\u001b[23ms\u001b[23mt\u001b[23ma\u001b[23mt\u001b[23mi\u001b[23mc\u001b[23m-\u001b[23ms\u001b[23mi\u001b[23mt\u001b[23me\u001b[?1l\u001b>\u001b[?2004l\r\r\n"
    ],
    [
      0.416616,
      "407efe2c548e5a703d5963ebb897a969494f8c3f316323157cb02138e390c732\r\n"
    ],
    [
      0.998776,
      "\u001b[1m\u001b[3m%\u001b[23m\u001b[1m\u001b[0m                                                                                                                                                                             \r \r\u001bk~\u001b\\"
    ],
    [
      0.035722,
      "\r\u001b[0m\u001b[23m\u001b[24m\u001b[J\u001b[01;32m➜  \u001b[36m~\u001b[00m \u001b[K"
    ],
    [
      9.1e-05,
      "\u001b[?1h\u001b="
    ],
    [
      5.4e-05,
      "\u001b[?2004h"
    ],
    [
      0.813655,
      "d"
    ],
    [
      0.174833,
      "\bdo"
    ],
    [
      0.140347,
      "c"
    ],
    [
      0.091819,
      "k"
    ],
    [
      0.176369,
      "e"
    ],
    [
      0.139448,
      "r"
    ],
    [
      0.072353,
      " "
    ],
    [
      0.250142,
      "p"
    ],
    [
      0.137987,
      "o"
    ],
    [
      0.156737,
      "r"
    ],
    [
      0.207994,
      "t"
    ],
    [
      0.124774,
      " "
    ],
    [
      0.368872,
      "s"
    ],
    [
      0.213872,
      "t"
    ],
    [
      0.168179,
      "a"
    ],
    [
      0.263375,
      "t"
    ],
    [
      0.188331,
      "i"
    ],
    [
      0.136004,
      "c"
    ],
    [
      0.197191,
      "-"
    ],
    [
      0.13648,
      "s"
    ],
    [
      0.141896,
      "i"
    ],
    [
      0.113969,
      "t"
    ],
    [
      0.117076,
      "e"
    ],
    [
      0.318917,
      "\u001b[?1l\u001b>"
    ],
    [
      6e-05,
      "\u001b[?2004l\r\r\n"
    ],
    [
      0.001698,
      "\u001bkdocker\u001b\\"
    ],
    [
      0.056546,
      "443/tcp -> 0.0.0.0:8081\r\n80/tcp -> 0.0.0.0:32773\r\n"
    ],
    [
      0.000409,
      "\u001b[1m\u001b[3m%\u001b[23m\u001b[1m\u001b[0m                                                                                                                                                                             \r \r"
    ],
    [
      0.000149,
      "\u001bk~\u001b\\"
    ],
    [
      0.062708,
      "\r\u001b[0m\u001b[23m\u001b[24m\u001b[J\u001b[01;32m➜  \u001b[36m~\u001b[00m \u001b[K"
    ],
    [
      3.4e-05,
      "\u001b[?1h\u001b="
    ],
    [
      2.3e-05,
      "\u001b[?2004h"
    ],
    [
      2.080167,
      "\u001b[?2004l\r\r\n"
    ],
    [
        3.0,
        "\r\n"
    ]
  ]
}
