{
  "height": 19,
  "version": 1,
  "env": {
    "TERM": "screen-256color",
    "SHELL": "/bin/bash"
  },
  "command": null,
  "duration": 7.469145,
  "width": 199,
  "stdout": [
    [
      0.106037,
      "\u001b[01;32mubuntu@manager1-trainingpc\u001b[00m:\u001b[01;34m~\u001b[00m$ "
    ],
    [
      0.752594,
      "d"
    ],
    [
      0.151787,
      "o"
    ],
    [
      0.119572,
      "c"
    ],
    [
      0.104431,
      "k"
    ],
    [
      0.135957,
      "e"
    ],
    [
      0.11209,
      "r"
    ],
    [
      0.086758,
      " "
    ],
    [
      0.121094,
      "s"
    ],
    [
      0.151851,
      "t"
    ],
    [
      0.095913,
      "a"
    ],
    [
      0.319993,
      "c"
    ],
    [
      0.127883,
      "k"
    ],
    [
      0.064037,
      " "
    ],
    [
      0.160279,
      "p"
    ],
    [
      0.111845,
      "s"
    ],
    [
      0.0558,
      " "
    ],
    [
      0.255688,
      "v"
    ],
    [
      0.080012,
      "o"
    ],
    [
      0.135913,
      "t"
    ],
    [
      0.176104,
      "e"
    ],
    [
      0.624098,
      "\r\n"
    ],
    [
      0.40101,
      "ID"
    ],
    [
      8.9e-05,
      "        "
    ],
    [
      0.00033,
      "        "
    ],
    [
      6.7e-05,
      "  "
    ],
    [
      6.3e-05,
      "NAME"
    ],
    [
      0.000203,
      "        "
    ],
    [
      7.1e-05,
      "        "
    ],
    [
      7.7e-05,
      "IMAGE"
    ],
    [
      6.1e-05,
      "        "
    ],
    [
      0.000312,
      "        "
    ],
    [
      0.000221,
      "        "
    ],
    [
      7.5e-05,
      "        "
    ],
    [
      5.9e-05,
      "        "
    ],
    [
      0.000373,
      "  "
    ],
    [
      9.4e-05,
      "NODE"
    ],
    [
      0.000234,
      "        "
    ],
    [
      7.6e-05,
      "        "
    ],
    [
      5.3e-05,
      "  "
    ],
    [
      8.9e-05,
      "DESIRED STATE"
    ],
    [
      0.000335,
      "       "
    ],
    [
      6.6e-05,
      "CURRENT STATE"
    ],
    [
      6.1e-05,
      "        "
    ],
    [
      0.000203,
      "       "
    ],
    [
      9.2e-05,
      "ERROR"
    ],
    [
      6.8e-05,
      "        "
    ],
    [
      6e-05,
      "       "
    ],
    [
      0.00032,
      "PORTS"
    ],
    [
      0.000202,
      "\r\n"
    ],
    [
      7.2e-05,
      "oavkdnt5q68k"
    ],
    [
      6.2e-05,
      "        "
    ],
    [
      5.8e-05,
      "vote_visualizer.1"
    ],
    [
      0.000384,
      "   "
    ],
    [
      0.000231,
      "dockersamples/visualizer:stable"
    ],
    [
      7.2e-05,
      "        "
    ],
    [
      7.1e-05,
      "        "
    ],
    [
      0.000322,
      "manager1-trainingpc"
    ],
    [
      8.3e-05,
      "   "
    ],
    [
      0.000275,
      "Running"
    ],
    [
      6.5e-05,
      "        "
    ],
    [
      9.9e-05,
      "     "
    ],
    [
      0.00032,
      "Running about an hour ago"
    ],
    [
      6.4e-05,
      "   "
    ],
    [
      6.9e-05,
      "        "
    ],
    [
      0.000191,
      "        "
    ],
    [
      9e-05,
      "    "
    ],
    [
      6.1e-05,
      "\r\n"
    ],
    [
      0.000311,
      "g8zi2v68ruu7"
    ],
    [
      0.000193,
      "        "
    ],
    [
      7e-05,
      "vote_worker.1"
    ],
    [
      7.8e-05,
      "       "
    ],
    [
      6.2e-05,
      "dockersamples/examplevotingapp_worker:latest"
    ],
    [
      5.7e-05,
      "   "
    ],
    [
      4.8e-05,
      "manager1-trainingpc"
    ],
    [
      6.8e-05,
      "   "
    ],
    [
      4.7e-05,
      "Running"
    ],
    [
      4.4e-05,
      "        "
    ],
    [
      4.3e-05,
      "     "
    ],
    [
      0.000429,
      "Running about an hour ago"
    ],
    [
      8e-05,
      "   "
    ],
    [
      6.4e-05,
      "        "
    ],
    [
      5.4e-05,
      "        "
    ],
    [
      0.000453,
      "    "
    ],
    [
      6e-05,
      "\r\n"
    ],
    [
      5e-05,
      "a6l9hifo3tn4"
    ],
    [
      4.5e-05,
      "        "
    ],
    [
      4.4e-05,
      "vote_result.1"
    ],
    [
      0.000416,
      "       "
    ],
    [
      9.9e-05,
      "dockersamples/examplevotingapp_result:before"
    ],
    [
      5.8e-05,
      "   "
    ],
    [
      0.000423,
      "worker2-trainingpc"
    ],
    [
      8e-05,
      "    "
    ],
    [
      0.000102,
      "Running"
    ],
    [
      0.000295,
      "        "
    ],
    [
      5.6e-05,
      "     "
    ],
    [
      0.0002,
      "Running about an hour ago"
    ],
    [
      7.7e-05,
      "   "
    ],
    [
      7.5e-05,
      "        "
    ],
    [
      0.000301,
      "        "
    ],
    [
      7.7e-05,
      "    "
    ],
    [
      0.000216,
      "\r\n"
    ],
    [
      7.2e-05,
      "n4rbinapjf9o"
    ],
    [
      8.4e-05,
      "        "
    ],
    [
      5.6e-05,
      "vote_vote.1"
    ],
    [
      5.4e-05,
      "        "
    ],
    [
      6.7e-05,
      " "
    ],
    [
      5.7e-05,
      "dockersamples/examplevotingapp_vote:before"
    ],
    [
      5.3e-05,
      "     "
    ],
    [
      5.2e-05,
      "worker2-trainingpc"
    ],
    [
      0.000425,
      "    "
    ],
    [
      6.1e-05,
      "Running"
    ],
    [
      5.5e-05,
      "        "
    ],
    [
      5.4e-05,
      "     "
    ],
    [
      0.000429,
      "Running about an hour ago"
    ],
    [
      8.2e-05,
      "   "
    ],
    [
      6.9e-05,
      "        "
    ],
    [
      5.7e-05,
      "        "
    ],
    [
      0.000467,
      "    "
    ],
    [
      9.6e-05,
      "\r\n"
    ],
    [
      0.000311,
      "yswoji20gamy"
    ],
    [
      0.000222,
      "        "
    ],
    [
      7.8e-05,
      "vote_db.1"
    ],
    [
      6.9e-05,
      "        "
    ],
    [
      5.9e-05,
      "   "
    ],
    [
      0.00031,
      "postgres:9.4"
    ],
    [
      7.1e-05,
      "        "
    ],
    [
      0.000206,
      "        "
    ],
    [
      7e-05,
      "        "
    ],
    [
      9e-05,
      "           "
    ],
    [
      0.000333,
      "manager1-trainingpc   Running             Running about an hour ago                       \r\nqbc7je42tmnp        "
    ],
    [
      0.000117,
      "vote_redis.1        redis:alpine                                   manager1-trainingpc"
    ],
    [
      0.000238,
      "   Running             Running about an hour ago                       \r\nptvotohsvhp6        vote_vote.2         "
    ],
    [
      0.000154,
      "dockersamples/examplevotingapp_vote:before     worker1-trainingpc    Running             Running about an hour ago                       \r\nsa1es83m3gpj        vote_redis.2        redis:alpine                "
    ],
    [
      0.000392,
      "                   worker1-trainingpc    Running             Running about an hour ago                       \r\n"
    ],
    [
      0.00194,
      "\u001b[01;32mubuntu@manager1-trainingpc\u001b[00m:\u001b[01;34m~\u001b[00m$ "
    ],
    [
        3.0,
        "\r\n"
    ]
  ],
  "title": null
}
