{
  "version": 1,
  "width": 174,
  "height": 11,
  "duration": 5.200527,
  "command": null,
  "title": null,
  "env": {
    "TERM": "screen-256color",
    "SHELL": "/bin/zsh"
  },
  "stdout": [
    [
      1.835894,
      "\u001b[1m\u001b[3m%\u001b[23m\u001b[1m\u001b[0m                                                                                                                                                                             \r \r\u001bk~\u001b\\"
    ],
    [
      0.10519,
      "\r\u001b[0m\u001b[23m\u001b[24m\u001b[J\u001b[01;32m➜  \u001b[36m~\u001b[00m \u001b[K\u001b[?1h\u001b=\u001b[?2004h"
    ],
    [
      0.579774,
      "d"
    ],
    [
      0.193105,
      "\bdo"
    ],
    [
      0.141669,
      "c"
    ],
    [
      0.130834,
      "k"
    ],
    [
      0.141977,
      "e"
    ],
    [
      0.099455,
      "r"
    ],
    [
      0.096349,
      " "
    ],
    [
      0.122915,
      "p"
    ],
    [
      0.104054,
      "s"
    ],
    [
      0.308537,
      "\u001b[?1l\u001b>\u001b[?2004l\r\r\n"
    ],
    [
      0.059642,
      "CONTAINER ID        IMAGE                                COMMAND                  CREATED             STATUS              PORTS                    NAMES\r\n25eff330a4e4        dockersamples/static-site            \"/bin/sh -c 'cd /u...\"   8 minutes ago       Up 8 minutes        80/tcp, 443/tcp          naughty_snyder\r\n"
    ],
    [
      8.2e-05,
      "c5ddb8ebc26e        heytrav/docker-introduction-slides   \"/usr/local/bin/du...\"   4 hours ago         Up 4 hours          0.0.0.0:8000->8000/tcp   epic_jennings\r\n"
    ],
    [
      0.002797,
      "\u001b[1m\u001b[3m%\u001b[23m\u001b[1m\u001b[0m                                                                                                                                                                             \r \r"
    ],
    [
      9.8e-05,
      "\u001bk~\u001b\\"
    ],
    [
      0.045786,
      "\r\u001b[0m\u001b[23m\u001b[24m\u001b[J\u001b[01;32m➜  \u001b[36m~\u001b[00m \u001b[K"
    ],
    [
      3.5e-05,
      "\u001b[?1h\u001b="
    ],
    [
      3.8e-05,
      "\u001b[?2004h"
    ],
    [
      1.168919,
      "\u001b[?2004l\r\r\n"
    ]
  ]
}
