{
  "version": 1,
  "width": 132,
  "height": 16,
  "duration": 18.392592,
  "command": null,
  "title": null,
  "env": {
    "TERM": "screen-256color",
    "SHELL": "/bin/zsh"
  },
  "stdout": [
    [
      1.372719,
      "\u001b[1m\u001b[3m%\u001b[23m\u001b[1m\u001b[0m                                                                                                                                   \r \r"
    ],
    [
      0.026273,
      "\r\n\u001b[34m \u001b[90m \u001b[39m \u001b[33m\u001b[39m\r\n"
    ],
    [
      7.3e-05,
      "\u001bk~\u001b\\"
    ],
    [
      0.01797,
      "\r\u001b[0m\u001b[23m\u001b[24m\u001b[J\u001b[35m❯\u001b[39m \u001b[K\u001b[?1h\u001b=\u001b[?2004h"
    ],
    [
      0.382031,
      "d"
    ],
    [
      0.133411,
      "\bdo"
    ],
    [
      0.129306,
      "c"
    ],
    [
      0.133524,
      "k"
    ],
    [
      0.125411,
      "e"
    ],
    [
      0.137017,
      "r"
    ],
    [
      0.096602,
      " "
    ],
    [
      0.127057,
      "e"
    ],
    [
      0.257919,
      "x"
    ],
    [
      0.255332,
      "e"
    ],
    [
      0.221725,
      "c"
    ],
    [
      0.170807,
      " "
    ],
    [
      0.211302,
      "-"
    ],
    [
      0.230262,
      "i"
    ],
    [
      0.133526,
      "t"
    ],
    [
      0.135233,
      " "
    ],
    [
      0.343855,
      "s"
    ],
    [
      0.231086,
      "t"
    ],
    [
      0.384836,
      "a"
    ],
    [
      0.224989,
      "t"
    ],
    [
      0.262066,
      "i"
    ],
    [
      0.185243,
      "c"
    ],
    [
      0.209128,
      "-"
    ],
    [
      0.239622,
      "s"
    ],
    [
      0.166083,
      "i"
    ],
    [
      0.117947,
      "t"
    ],
    [
      0.099694,
      "e"
    ],
    [
      0.120996,
      " "
    ],
    [
      0.214379,
      "/"
    ],
    [
      0.14187,
      "b"
    ],
    [
      0.134133,
      "i"
    ],
    [
      0.15275,
      "n"
    ],
    [
      0.259111,
      "/"
    ],
    [
      0.168061,
      "b"
    ],
    [
      0.196508,
      "a"
    ],
    [
      0.179418,
      "s"
    ],
    [
      0.166755,
      "h"
    ],
    [
      0.536726,
      "\u001b[?1l\u001b>"
    ],
    [
      0.000117,
      "\u001b[?2004l\r\r\n"
    ],
    [
      0.31099,
      "root@d3303db02e30:/usr/share/nginx/html# "
    ],
    [
      0.822343,
      "\r\u001b[Kroot@d3303db02e30:/usr/share/nginx/html# p"
    ],
    [
      0.151729,
      "s"
    ],
    [
      0.116386,
      " "
    ],
    [
      0.24153,
      "w"
    ],
    [
      0.189709,
      "a"
    ],
    [
      0.134351,
      "u"
    ],
    [
      0.563163,
      "x"
    ],
    [
      0.396705,
      "\r\n"
    ],
    [
      0.002741,
      "USER       PID %CPU %MEM    VSZ   RSS TTY      STAT START   TIME COMMAND\r\nroot         1  0.3  0.0   4336   796 ?        Ss   11:19   0:00 /bin/sh -c cd /usr/share/nginx/html && sed -e \"s/Docker/$AUTHOR/\" H\r\nroot         7  0.1  0.2  31604  5100 ?        S    11:19   0:00 nginx: master process nginx -g daemon off;\r\nnginx        8  0.0  0.1  31980  2876 ?        S    11:19   0:00 nginx: worker process\r\n"
    ],
    [
      0.001096,
      "root        15  6.0  0.1  20248  3252 ?        Ss   11:20   0:00 /bin/bash\r\nroot        20  0.0  0.1  17500  2088 ?        R+   11:20   0:00 ps waux\r\n"
    ],
    [
      0.000663,
      "root@d3303db02e30:/usr/share/nginx/html# "
    ],
    [
      3.114931,
      "e"
    ],
    [
      0.329502,
      "x"
    ],
    [
      0.166493,
      "i"
    ],
    [
      0.139208,
      "t"
    ],
    [
      0.647452,
      "\r\n"
    ],
    [
      0.000868,
      "exit\r\n"
    ],
    [
      0.015633,
      "\u001b[1m\u001b[3m%\u001b[23m\u001b[1m\u001b[0m                                                                                                                                   \r \r"
    ],
    [
      0.037262,
      "\r\n\u001b[34m \u001b[90m \u001b[39m \u001b[33m8s\u001b[39m\r\n"
    ],
    [
      0.000107,
      "\u001bk~\u001b\\"
    ],
    [
      0.011747,
      "\r\u001b[0m\u001b[23m\u001b[24m\u001b[J\u001b[35m❯\u001b[39m \u001b[K\u001b[?1h\u001b=\u001b[?2004h"
    ],
    [
      1.888086,
      "\u001b[?2004l\r\r\n"
    ]
  ]
}
